https://www.woolworths.com.au/shop/productdetails/188863/vit-hit-immunitea-dragonfruit-yuzu,"Chilled Drinks, Chilled Drinks Specials"
https://www.woolworths.com.au/shop/productdetails/139986/vit-hit-lean-green,"Chilled Drinks, Chilled Drinks Specials"
https://www.woolworths.com.au/shop/productdetails/623033/coca-cola-zero-sugar-soft-drink-bottle,"Chilled Drinks, Chilled Soft Drinks & Energy Drinks"
https://www.woolworths.com.au/shop/productdetails/93167/coca-cola-classic-soft-drink-bottle,"Chilled Drinks, Chilled Soft Drinks & Energy Drinks"
https://www.woolworths.com.au/shop/productdetails/93166/coca-cola-diet-soft-drink-bottle-bottle,"Chilled Drinks, Chilled Soft Drinks & Energy Drinks"
https://www.woolworths.com.au/shop/productdetails/175763/pepsi-max-no-sugar-cola-soft-drink-bottle,"Chilled Drinks, Chilled Soft Drinks & Energy Drinks"
https://www.woolworths.com.au/shop/productdetails/244282/fanta-orange-zero-sugar-soft-drink-bottles,"Chilled Drinks, Chilled Soft Drinks & Energy Drinks"
https://www.woolworths.com.au/shop/productdetails/623069/coca-cola-zero-sugar-soft-drink-mini-can,"Chilled Drinks, Chilled Soft Drinks & Energy Drinks"
https://www.woolworths.com.au/shop/productdetails/792193/coca-cola-classic-soft-drink-mini-can-mini-can,"Chilled Drinks, Chilled Soft Drinks & Energy Drinks"
https://www.woolworths.com.au/shop/productdetails/803079/coca-cola-zero-sugar-vanilla-soft-drink-bottle,"Chilled Drinks, Chilled Soft Drinks & Energy Drinks"
https://www.woolworths.com.au/shop/productdetails/93187/sprite-lemonade-soft-drink-bottle,"Chilled Drinks, Chilled Soft Drinks & Energy Drinks"
https://www.woolworths.com.au/shop/productdetails/180910/coca-cola-vanilla-soft-drink-bottle,"Chilled Drinks, Chilled Soft Drinks & Energy Drinks"
https://www.woolworths.com.au/shop/productdetails/864460/sprite-zero-sugar-soft-drink-bottle,"Chilled Drinks, Chilled Soft Drinks & Energy Drinks"
https://www.woolworths.com.au/shop/productdetails/286345/t2-tea-iced-tea-peach-amore-low-sugar-peach-raspberry-ice-tea-bottle,"Chilled Drinks, Chilled Soft Drinks & Energy Drinks"
https://www.woolworths.com.au/shop/productdetails/36171/solo-zero-sugar-original-lemon-soft-drink-bottle,"Chilled Drinks, Chilled Soft Drinks & Energy Drinks"
https://www.woolworths.com.au/shop/productdetails/247886/remedy-organic-kombucha-orange-squeeze,"Chilled Drinks, Chilled Soft Drinks & Energy Drinks"
https://www.woolworths.com.au/shop/productdetails/285384/coca-cola-raspberry-zero-sugar-soft-drink-bottle,"Chilled Drinks, Chilled Soft Drinks & Energy Drinks"
https://www.woolworths.com.au/shop/productdetails/243795/fanta-raspberry-zero-sugar-soft-drink-bottles,"Chilled Drinks, Chilled Soft Drinks & Energy Drinks"
https://www.woolworths.com.au/shop/productdetails/98838/bundaberg-ginger-beer,"Chilled Drinks, Chilled Soft Drinks & Energy Drinks"
https://www.woolworths.com.au/shop/productdetails/335559/mountain-dew-energised-sugar-free-major-melon-soft-drink-single-bottle,"Chilled Drinks, Chilled Soft Drinks & Energy Drinks"
https://www.woolworths.com.au/shop/productdetails/711523/remedy-kombucha-raspberry-lemonade,"Chilled Drinks, Chilled Soft Drinks & Energy Drinks"
https://www.woolworths.com.au/shop/productdetails/290319/pepsi-max-no-sugar-cola-soft-drink-mini-cans-multipack,"Chilled Drinks, Chilled Soft Drinks & Energy Drinks"
https://www.woolworths.com.au/shop/productdetails/290348/schweppes-lemonade-soft-drink-mini-cans-multipack,"Chilled Drinks, Chilled Soft Drinks & Energy Drinks"
https://www.woolworths.com.au/shop/productdetails/230165/level-lemonade,"Chilled Drinks, Chilled Soft Drinks & Energy Drinks"
https://www.woolworths.com.au/shop/productdetails/792193/coca-cola-classic-soft-drink-mini-can-mini-can,"Chilled Drinks, Chilled Soft Drinks & Energy Drinks"
https://www.woolworths.com.au/shop/productdetails/623069/coca-cola-zero-sugar-soft-drink-mini-can,"Chilled Drinks, Chilled Soft Drinks & Energy Drinks"
